date,time,ts,o,h,l,c,spot,price_dir,price_strength,price_bits,oi_dir,oi_strength,oi_bits,pcr,call_oi,put_oi,fut_oi,fut_dir,fut_strength,fut_bits,vol_dir,signal,sig_strength,trend,trap_type,verdict,bias_direction,bias_strength,agree,total,vix,fut_price,prem_pct,max_pain
2026-09-29,09:16:13,2026-09-29T09:15:00+05:30,22732.45,22753.2,22702.2,22722.25,22722.2,,,,,,,0.62,287224325,178012740,8855860.0,,,,,WAIT,0,flat,,NEUTRAL / RANGE,neutral,mixed,0,7,13.87,22740.0,0.059,23300.0
2026-09-29,09:20:00,2026-09-29T09:18:00+05:30,22712.45,22718.4,22683.0,22685.05,22685.0,,,,,,,0.67,306345440,206428895,8795540.0,,,,,WAIT,0,flat,,NEUTRAL / RANGE,neutral,mixed,0,7,13.84,22692.6,0.04,23200.0
2026-09-29,09:22:43,2026-09-29T09:21:00+05:30,22673.65,22676.0,22664.85,22668.75,22668.8,,,,,,,0.68,320439890,218991315,8766485.0,,,,,WAIT,0,flat,,NEUTRAL / RANGE,neutral,mixed,0,7,13.95,22680.9,0.066,23150.0
2026-09-29,09:25:21,2026-09-29T09:24:00+05:30,22671.9,22676.25,22664.05,22666.9,22666.9,,,,,,,0.69,325271535,224709040,8740745.0,,,,,WAIT,0,flat,,NEUTRAL / RANGE,neutral,mixed,0,7,14.06,22687.9,0.107,23100.0
2026-09-29,09:28:36,2026-09-29T09:27:00+05:30,22651.45,22653.0,22642.5,22646.5,22646.5,,,,,,,0.67,331853760,221622450,8728915.0,,,,,WAIT,0,flat,,NEUTRAL / RANGE,neutral,mixed,0,7,14.12,22650.0,0.063,23100.0
2026-09-29,09:31:18,2026-09-29T09:30:00+05:30,22624.35,22638.1,22623.85,22631.55,22631.5,,,,,,,0.64,336046845,216210405,8720010.0,,,,,WAIT,0,flat,,NEUTRAL / RANGE,neutral,mixed,0,7,14.16,22650.1,0.095,23100.0
2026-09-29,09:34:34,2026-09-29T09:33:00+05:30,22613.35,22621.9,22610.75,22618.1,22618.1,,,,,,,0.65,345284450,223774650,8668530.0,,,,,WAIT,0,flat,,NEUTRAL / RANGE,neutral,mixed,0,7,14.4,22628.0,0.044,23100.0
2026-09-29,09:37:17,2026-09-29T09:36:00+05:30,22603.5,22604.8,22580.4,22584.5,22584.5,,,,,,,0.63,349241975,219563560,8646300.0,,,,,WAIT,0,flat,,NEUTRAL / RANGE,neutral,mixed,0,7,14.65,22600.0,0.075,23100.0
2026-09-29,09:40:33,2026-09-29T09:39:00+05:30,22582.85,22584.1,22575.45,22577.1,22577.1,,,,,,,0.62,353843390,218650375,8589490.0,,,,,WAIT,0,flat,,NEUTRAL / RANGE,neutral,mixed,0,7,14.68,22597.5,0.079,23100.0
2026-09-29,09:43:16,2026-09-29T09:42:00+05:30,22618.5,22626.5,22617.65,22625.3,22625.3,bear,-40,EMA9<EMA21,neutral,0,call unwinding|put unwinding,0.62,355676910,220369820,8582795.0,neutral,0,,bull,WAIT,0,down,,NEUTRAL / RANGE,neutral,mixed,0,7,14.31,22640.0,0.07,23100.0
2026-09-29,09:46:33,2026-09-29T09:45:00+05:30,22614.15,22618.75,22607.4,22609.45,22609.5,bear,-40,EMA9<EMA21,bull,80,put writing|call unwinding,0.654,356618825,233367545,8546915.0,bear,-34,Long Unwinding,bull,TRAP,0,down,BEAR TRAP,NEUTRAL / RANGE,neutral,mixed,0,7,14.49,22618.0,0.056,23050.0
2026-09-29,09:49:49,2026-09-29T09:48:00+05:30,22603.3,22605.1,22596.35,22599.3,22599.3,bear,-40,EMA9<EMA21,bear,-80,call writing|put unwinding,0.664,357902705,237532575,8509410.0,bear,-35,Long Unwinding,bear,WAIT,47,down,,NEUTRAL / RANGE,neutral,mixed,0,7,14.54,22610.1,0.049,23000.0
2026-09-29,09:52:32,2026-09-29T09:51:00+05:30,22593.75,22603.9,22590.8,22603.0,22603.0,bear,-40,EMA9<EMA21,bear,-80,call writing|put unwinding,0.654,361536205,236567780,8484775.0,bear,-32,Long Unwinding,bear,BUY PUT,94,down,,NEUTRAL / RANGE,neutral,mixed,0,7,14.61,22611.0,0.059,23000.0
2026-09-29,09:55:46,2026-09-29T09:54:00+05:30,22593.65,22607.8,22592.8,22605.55,22605.5,bear,-40,EMA9<EMA21,bear,-80,call writing|put unwinding,0.647,365051535,236304790,8477625.0,bear,-27,Long Unwinding,bull,BUY PUT,66,down,,NEUTRAL / RANGE,neutral,mixed,0,7,14.51,22626.0,0.06,23050.0
2026-09-29,09:58:29,2026-09-29T09:57:00+05:30,22609.05,22610.5,22600.1,22609.25,22609.2,bear,-60,EMA9<EMA21,bull,40,call unwinding,0.649,366865490,238034765,8461635.0,bear,-35,Long Unwinding,bull,TRAP,0,down,BEAR TRAP,NEUTRAL / RANGE,neutral,mixed,0,7,14.52,22628.5,0.077,23000.0
2026-09-29,10:01:46,2026-09-29T10:00:00+05:30,22603.6,22607.95,22599.3,22607.75,22607.8,bear,-60,EMA9<EMA21,neutral,0,put writing|call writing,0.656,369116505,242219530,8456370.0,bear,-27,Long Unwinding,bull,WAIT,0,down,,NEUTRAL / RANGE,neutral,mixed,0,7,14.48,22612.5,0.063,23000.0
2026-09-29,10:04:32,2026-09-29T10:03:00+05:30,22590.7,22602.6,22590.7,22592.35,22592.3,bear,-60,EMA9<EMA21,neutral,0,call unwinding|put unwinding,0.661,368239655,243262455,8358740.0,bear,-39,Long Unwinding,bear,WAIT,36,down,,NEUTRAL / RANGE,neutral,mixed,0,7,14.47,22609.0,0.067,23000.0
2026-09-29,10:07:16,2026-09-29T10:06:00+05:30,22584.0,22590.15,22582.65,22583.85,22583.8,bear,-60,EMA9<EMA21,neutral,0,call unwinding|put unwinding,0.66,369795950,243896790,8341905.0,neutral,0,,bear,BUY PUT,85,down,,NEUTRAL / RANGE,neutral,mixed,0,7,14.57,22604.5,0.096,23000.0
2026-09-29,10:10:34,2026-09-29T10:09:00+05:30,22593.8,22593.85,22584.35,22584.75,22584.8,bear,-60,EMA9<EMA21,neutral,0,call unwinding|put unwinding,0.653,372552535,243156115,8623875.0,bear,-30,Long Unwinding,bear,BUY PUT,71,down,,NEUTRAL / RANGE,neutral,mixed,0,7,14.57,22606.7,0.089,23000.0
2026-09-29,10:13:18,2026-09-29T10:12:00+05:30,22573.85,22581.9,22573.1,22577.55,22577.5,bear,-60,EMA9<EMA21,bull,80,put writing|call unwinding,0.653,373559450,243821000,8295170.0,neutral,0,,bear,TRAP,36,down,BEAR TRAP,NEUTRAL / RANGE,neutral,mixed,0,7,14.57,22596.2,0.093,23000.0
2026-09-29,10:16:33,2026-09-29T10:15:00+05:30,22578.45,22585.2,22575.1,22584.15,22584.2,bear,-60,EMA9<EMA21,neutral,0,put writing|call writing,0.652,376473725,245385355,8285030.0,neutral,0,,bear,BUY PUT,71,down,,NEUTRAL / RANGE,neutral,mixed,0,7,14.55,22600.0,0.077,23000.0
2026-09-29,10:19:18,2026-09-29T10:18:00+05:30,22582.2,22587.2,22580.55,22586.35,22586.3,bear,-60,EMA9<EMA21,bear,-80,call writing|put unwinding,0.649,380364820,246901870,8271315.0,neutral,0,,bull,BUY PUT,71,down,,NEUTRAL / RANGE,neutral,mixed,0,7,14.51,22603.0,0.066,23000.0
2026-09-29,10:22:33,2026-09-29T10:21:00+05:30,22583.95,22585.7,22573.0,22574.55,22574.5,bear,-60,EMA9<EMA21,neutral,0,call unwinding|put unwinding,0.652,378490740,246786235,8204885.0,bear,-33,Long Unwinding,bear,WAIT,36,down,,NEUTRAL / RANGE,neutral,mixed,0,7,14.54,22598.6,0.096,23000.0
2026-09-29,10:25:15,2026-09-29T10:24:00+05:30,22582.3,22587.65,22581.75,22587.5,22587.5,bear,-60,EMA9<EMA21,neutral,0,put writing|call writing,0.664,378647195,251585705,8200725.0,neutral,0,,bull,WAIT,0,down,,NEUTRAL / RANGE,neutral,mixed,0,7,14.54,22605.0,0.065,23000.0
2026-09-29,10:28:34,2026-09-29T10:27:00+05:30,22598.15,22601.2,22595.35,22598.1,22598.1,bear,-60,EMA9<EMA21,neutral,0,call unwinding|put unwinding,0.651,381805545,248738185,8181615.0,neutral,0,,bull,WAIT,0,down,,NEUTRAL / RANGE,neutral,mixed,0,7,14.44,22611.1,0.063,23000.0
2026-09-29,10:31:19,2026-09-29T10:30:00+05:30,22598.95,22602.15,22596.45,22597.2,22597.2,bear,-60,EMA9<EMA21,neutral,0,put writing|call writing,0.659,381792285,251488465,8169200.0,neutral,0,,bull,WAIT,0,down,,NEUTRAL / RANGE,neutral,mixed,0,7,14.42,22620.0,0.088,23000.0
2026-09-29,10:34:36,2026-09-29T10:33:00+05:30,22585.75,22587.85,22581.0,22581.8,22581.8,bear,-60,EMA9<EMA21,neutral,0,call unwinding|put unwinding,0.679,378036000,256601300,8152625.0,neutral,0,,bear,WAIT,36,down,,NEUTRAL / RANGE,neutral,mixed,0,7,14.42,22609.9,0.092,23000.0
2026-09-29,10:37:21,2026-09-29T10:36:00+05:30,22595.95,22596.9,22588.85,22589.9,22589.9,bear,-60,EMA9<EMA21,neutral,0,call unwinding|put unwinding,0.682,377667645,257384550,8145865.0,neutral,0,,bear,WAIT,36,down,,NEUTRAL / RANGE,neutral,mixed,0,7,14.39,22605.5,0.062,23000.0
2026-09-29,10:40:39,2026-09-29T10:39:00+05:30,22593.1,22598.65,22593.1,22595.3,22595.3,bear,-60,EMA9<EMA21,neutral,0,call unwinding|put unwinding,0.682,377729265,257793895,8138520.0,bear,-25,Long Unwinding,bull,WAIT,36,down,,NEUTRAL / RANGE,neutral,mixed,0,7,14.4,22611.0,0.078,23000.0
2026-09-29,10:43:24,2026-09-29T10:42:00+05:30,22594.15,22598.55,22593.55,22597.4,22597.4,bear,-60,EMA9<EMA21,neutral,0,put writing|call writing,0.688,378048545,260180110,8133905.0,neutral,0,,bull,WAIT,0,down,,NEUTRAL / RANGE,neutral,mixed,0,7,14.26,22627.2,0.077,23000.0
2026-09-29,10:46:43,2026-09-29T10:45:00+05:30,22611.95,22613.35,22606.75,22606.95,22607.0,bear,-60,EMA9<EMA21,neutral,0,call unwinding|put unwinding,0.68,377865180,257131740,8126365.0,bear,-26,Long Unwinding,bull,WAIT,0,down,,NEUTRAL / RANGE,neutral,mixed,0,7,14.32,22623.0,0.091,23000.0
2026-09-29,10:49:28,2026-09-29T10:48:00+05:30,22598.15,22599.9,22592.5,22598.05,22598.0,bear,-60,EMA9<EMA21,neutral,0,put writing|call writing,0.692,374851325,259455935,8124480.0,neutral,0,,bull,WAIT,0,down,,NEUTRAL / RANGE,neutral,mixed,0,7,14.36,22615.0,0.058,23000.0
2026-09-29,10:52:40,2026-09-29T10:51:00+05:30,22596.55,22599.5,22595.05,22597.1,22597.1,bear,-60,EMA9<EMA21,bull,80,put writing|call unwinding,0.697,375663695,261734055,8122725.0,neutral,0,,bear,TRAP,0,down,BEAR TRAP,NEUTRAL / RANGE,neutral,mixed,0,7,14.18,22616.4,0.054,22950.0
2026-09-29,10:55:15,2026-09-29T10:54:00+05:30,22605.8,22612.1,22605.8,22609.55,22609.5,bear,-60,EMA9<EMA21,neutral,0,put writing|call writing,0.696,376749000,262261465,8118175.0,bear,-27,Long Unwinding,bull,WAIT,35,down,,NEUTRAL / RANGE,neutral,mixed,0,7,14.19,22628.2,0.079,22950.0
2026-09-29,10:58:23,2026-09-29T10:57:00+05:30,22615.2,22618.05,22611.8,22617.0,22617.0,bear,-40,EMA9<EMA21,bull,80,put writing|call unwinding,0.699,376477040,263105865,8105305.0,neutral,0,,bull,TRAP,0,down,BEAR TRAP,MILD BEARISH,down,mild,2,7,14.16,22630.6,0.024,22950.0
2026-09-29,11:01:30,2026-09-29T11:00:00+05:30,22616.1,22620.2,22610.7,22614.1,22614.1,bull,40,EMA9>EMA21,bear,-80,call writing|put unwinding,0.703,375619690,264093735,8079370.0,neutral,0,,bull,TRAP,0,up,BULL TRAP,NEUTRAL / RANGE,neutral,mixed,0,7,14.18,22617.0,0.046,22950.0
2026-09-29,11:04:06,2026-09-29T11:03:00+05:30,22595.2,22604.8,22595.2,22603.35,22603.3,bear,-60,EMA9<EMA21,bull,80,put writing|call unwinding,0.717,372376125,267114545,8078070.0,bear,-48,Short Buildup,bear,TRAP,49,down,BEAR TRAP,NEUTRAL / RANGE,neutral,mixed,0,7,14.27,22613.5,0.05,22900.0
2026-09-29,11:07:14,2026-09-29T11:06:00+05:30,22593.75,22605.25,22590.95,22603.8,22603.8,bear,-60,EMA9<EMA21,neutral,0,call unwinding|put unwinding,0.715,373338125,266909015,8079370.0,bear,-64,Short Buildup,bear,BUY PUT,85,down,,NEUTRAL / RANGE,neutral,mixed,0,7,14.26,22615.0,0.044,22900.0
2026-09-29,11:10:23,2026-09-29T11:09:00+05:30,22602.55,22619.95,22602.55,22616.8,22616.8,bull,40,EMA9>EMA21,neutral,0,call unwinding|put unwinding,0.716,371075020,265840285,8043100.0,neutral,0,,bull,WAIT,68,up,,NEUTRAL / RANGE,neutral,mixed,0,7,14.24,22635.0,0.056,22900.0
2026-09-29,11:13:32,2026-09-29T11:12:00+05:30,22647.05,22671.9,22647.05,22668.35,22668.3,bull,60,EMA9>EMA21,neutral,0,put writing|call writing,0.75,348836700,261465720,8017035.0,neutral,0,,bull,BUY CALL,85,up,,NEUTRAL / RANGE,neutral,mixed,0,7,14.11,22689.0,0.101,22900.0
2026-09-29,11:16:40,2026-09-29T11:15:00+05:30,22683.55,22695.45,22681.4,22686.5,22686.5,bull,60,EMA9>EMA21,bull,80,put writing|call unwinding,0.803,332412565,266891075,8011380.0,neutral,0,,bull,BUY CALL,85,up,,NEUTRAL / RANGE,neutral,mixed,0,7,14.06,22700.0,0.078,22900.0
2026-09-29,11:19:17,2026-09-29T11:18:00+05:30,22669.25,22673.5,22663.2,22673.5,22673.5,bull,60,EMA9>EMA21,bull,80,put writing|call unwinding,0.827,329700050,272778190,8006245.0,bull,23,Short Covering,bull,BUY CALL,85,up,,NEUTRAL / RANGE,neutral,mixed,0,7,14.09,22690.1,0.062,22900.0
2026-09-29,11:22:25,2026-09-29T11:21:00+05:30,22687.75,22689.75,22679.45,22682.6,22682.6,bull,60,EMA9>EMA21,neutral,0,put writing|call writing,0.829,331149810,274488405,7992530.0,neutral,0,,neutral,WAIT,36,up,,NEUTRAL / RANGE,neutral,mixed,0,7,14.03,22700.0,0.077,22850.0
2026-09-29,11:25:33,2026-09-29T11:24:00+05:30,22677.4,22680.9,22667.2,22669.85,22669.8,bull,60,EMA9>EMA21,neutral,0,call unwinding|put unwinding,0.839,329595725,276483125,7987525.0,neutral,0,,bull,BUY CALL,71,up,,NEUTRAL / RANGE,neutral,mixed,0,7,14.06,22690.0,0.08,22850.0
2026-09-29,11:28:41,2026-09-29T11:27:00+05:30,22674.2,22682.35,22672.0,22678.95,22679.0,bull,60,EMA9>EMA21,bear,-80,call writing|put unwinding,0.833,332794960,277324810,7982195.0,neutral,0,,bear,TRAP,0,up,BULL TRAP,NEUTRAL / RANGE,neutral,mixed,0,7,14.08,22697.9,0.09,22850.0
2026-09-29,11:31:50,2026-09-29T11:30:00+05:30,22696.2,22723.0,22694.1,22715.4,22715.4,bull,60,EMA9>EMA21,neutral,0,call unwinding|put unwinding,0.859,321784935,276362355,8004815.0,neutral,0,,bull,BUY CALL,85,up,,NEUTRAL / RANGE,neutral,mixed,0,7,13.93,22740.9,0.067,22850.0
2026-09-29,11:34:27,2026-09-29T11:33:00+05:30,22720.5,22730.95,22717.5,22725.9,22725.9,bull,60,EMA9>EMA21,neutral,0,put writing|call writing,0.88,318949050,280527165,8003255.0,bull,38,Long Buildup,bull,BUY CALL,71,up,,NEUTRAL / RANGE,neutral,mixed,0,7,13.95,22739.1,0.066,22850.0
2026-09-29,11:37:37,2026-09-29T11:36:00+05:30,22715.0,22718.7,22713.15,22715.5,22715.5,bull,60,EMA9>EMA21,neutral,0,put writing|call writing,0.882,320183530,282488540,7995650.0,neutral,0,,bull,BUY CALL,71,up,,NEUTRAL / RANGE,neutral,mixed,0,7,13.96,22717.4,0.045,22850.0
2026-09-29,11:40:47,2026-09-29T11:39:00+05:30,22708.15,22720.6,22708.0,22718.7,22718.7,bull,60,EMA9>EMA21,bear,-80,call writing|put unwinding,0.883,319625895,282223210,7976215.0,neutral,0,,neutral,TRAP,36,up,BULL TRAP,NEUTRAL / RANGE,neutral,mixed,0,7,13.87,22748.1,0.073,22850.0
2026-09-29,11:43:56,2026-09-29T11:42:00+05:30,22723.75,22726.65,22721.1,22721.9,22721.9,bull,60,EMA9>EMA21,neutral,0,call unwinding|put unwinding,0.877,320351360,280973780,7964710.0,neutral,0,,bull,WAIT,36,up,,NEUTRAL / RANGE,neutral,mixed,0,7,13.94,22722.0,0.049,22850.0
2026-09-29,11:46:35,2026-09-29T11:45:00+05:30,22719.95,22722.9,22715.7,22716.2,22716.2,bull,60,EMA9>EMA21,bull,80,put writing|call unwinding,0.883,319989765,282496665,7956910.0,neutral,0,,bull,BUY CALL,85,up,,NEUTRAL / RANGE,neutral,mixed,0,7,13.95,22728.5,0.048,22850.0
2026-09-29,11:49:46,2026-09-29T11:48:00+05:30,22713.9,22718.7,22711.4,22715.9,22715.9,bull,60,EMA9>EMA21,neutral,0,call unwinding|put unwinding,0.885,321174130,284224365,7949175.0,neutral,0,,bear,WAIT,36,up,,NEUTRAL / RANGE,neutral,mixed,0,7,13.96,22727.7,0.037,22850.0
2026-09-29,11:52:56,2026-09-29T11:51:00+05:30,22713.1,22724.35,22712.8,22722.75,22722.8,bull,60,EMA9>EMA21,bull,80,put writing|call unwinding,0.884,323121660,285672370,7948265.0,neutral,0,,bull,WAIT,50,up,,NEUTRAL / RANGE,neutral,mixed,0,7,13.99,22730.7,0.038,22850.0
2026-09-29,11:55:34,2026-09-29T11:54:00+05:30,22717.05,22719.9,22714.85,22714.85,22714.8,bull,60,EMA9>EMA21,neutral,0,put writing|call writing,0.886,323100990,286363125,7948005.0,neutral,0,,bull,WAIT,36,up,,NEUTRAL / RANGE,neutral,mixed,0,7,13.97,22725.0,0.035,22850.0
2026-09-29,11:58:13,2026-09-29T11:57:00+05:30,22719.75,22723.65,22719.35,22722.45,22722.5,bull,60,EMA9>EMA21,neutral,0,put writing|call writing,0.889,323590635,287790655,7941960.0,bull,32,Short Covering,bull,BUY CALL,85,up,,NEUTRAL / RANGE,neutral,mixed,0,7,13.96,22733.7,0.05,22800.0
2026-09-29,14:33:03,2026-09-29T14:30:00+05:30,22666.45,22696.0,22665.85,22690.1,22690.1,bull,60,EMA9>EMA21,neutral,0,call unwinding|put unwinding,0.872,306696225,267414465,7776860.0,bull,40,Short Covering,bull,BUY CALL,71,up,,MILD BULLISH,up,mild,3,7,13.62,22700.9,0.059,22800.0
2026-09-29,14:34:41,2026-09-29T14:33:00+05:30,22687.5,22687.65,22666.55,22667.1,22667.1,bull,40,EMA9>EMA21,neutral,0,call unwinding|put unwinding,0.882,303135915,267364285,7765485.0,neutral,0,,neutral,WAIT,36,up,,MILD BULLISH,up,mild,1,7,0,0,,22800.0
2026-09-29,15:55:31,2026-09-29T15:27:00+05:30,22683.75,22716.2,22683.75,22716.2,22716.2,bull,60,EMA9>EMA21,bear,-20,call unwinding|put unwinding,0.859,210553035,180847270,7120295.0,bull,40,Short Covering,bull,TRAP,0,up,BULL TRAP,NEUTRAL / RANGE,neutral,mixed,0,7,13.41,22715.2,-0.004,22850.0
2026-09-29,17:56:17,2026-09-29T15:27:00+05:30,22683.75,22716.2,22683.75,22716.2,22716.2,bull,60,EMA9>EMA21,neutral,0,,0.859,210553035,180847270,7120295.0,neutral,0,,bull,BUY CALL,71,up,,MILD BEARISH,down,mild,2,7,13.41,22715.2,-0.004,22850.0
